Spanish_Country,English_Country,Spanish_Nationality,English_Nationality
Afganistán,Afghanistan,afgano/a,Afghan
Albania,Albania,albanés/albanesa,Albanian
Alemania,Germany,alemán/alemana,German
Andorra,Andorra,andorrano/a,Andorran
Angola,Angola,angoleño/a,Angolan
Antigua y Barbuda,Antigua and Barbuda,antiguano/a y barbudense,Antiguan and Barbudan
Arabia Saudita,Saudi Arabia,saudí,Saudi
Argelia,Algeria,argelino/a,Algerian
Argentina,Argentina,argentino/a,Argentine
Armenia,Armenia,armenio/a,Armenian
Australia,Australia,australiano/a,Australian
Austria,Austria,austriaco/a,Austrian
Azerbaiyán,Azerbaijan,azerbaiyano/a,Azerbaijani
Bahamas,Bahamas,bahameño/a,Bahamian
Bangladés,Bangladesh,bangladesí,Bangladeshi
Barbados,Barbados,barbadense,Barbadian
Baréin,Bahrain,bareiní,Bahraini
Bélgica,Belgium,belga,Belgian
Belice,Belize,beliceño/a,Belizean
Benín,Benin,beninés/beninesa,Beninese
Bielorrusia,Belarus,bielorruso/a,Belarusian
Birmania,Myanmar,birmano/a,Burmese
Bolivia,Bolivia,boliviano/a,Bolivian
Bosnia y Herzegovina,Bosnia and Herzegovina,bosnio/a,Bosnian and Herzegovinian
Botsuana,Botswana,botsuano/a,Batswana
Brasil,Brazil,brasileño/a,Brazilian
Brunéi,Brunei,bruneano/a,Bruneian
Bulgaria,Bulgaria,búlgaro/a,Bulgarian
Burkina Faso,Burkina Faso,burkinés/burkinabé,Burkinabé
Burundi,Burundi,burundés/burundesa,Burundian
Bután,Bhutan,butanés/butanesa,Bhutanese
Cabo Verde,Cape Verde,caboverdiano/a,Cape Verdean
Camboya,Cambodia,camboyano/a,Cambodian
Camerún,Cameroon,camerunés/camerunesa,Cameroonian
Canadá,Canada,canadiense,Canadian
Catar,Qatar,catarí,Qatari
Chad,Chad,chadiano/a,Chadian
Chile,Chile,chileno/a,Chilean
China,China,chino/a,Chinese
Chipre,Cyprus,chipriota,Cypriot
Colombia,Colombia,colombiano/a,Colombian
Comoras,Comoros,comorense,Comoran
Congo,Congo,congoleño/a,Congolese
Corea del Norte,North Korea,norcoreano/a,North Korean
Corea del Sur,South Korea,surcoreano/a,South Korean
Costa de Marfil,Ivory Coast,marfileño/a,Ivorian
Costa Rica,Costa Rica,costarricense,Costa Rican
Croacia,Croatia,croata,Croatian
Cuba,Cuba,cubano/a,Cuban
Dinamarca,Denmark,danés/danesa,Danish
Dominica,Dominica,dominiqués/dominiqueña,Dominican (from Dominica)
Ecuador,Ecuador,ecuatoriano/a,Ecuadorian
Egipto,Egypt,egipcio/a,Egyptian
El Salvador,El Salvador,salvadoreño/a,Salvadoran
Emiratos Árabes Unidos,United Arab Emirates,emiratí,Emirati
Eritrea,Eritrea,eritreo/a,Eritrean
Eslovaquia,Slovakia,eslovaco/a,Slovak
Eslovenia,Slovenia,esloveno/a,Slovene
España,Spain,español/española,Spanish
Estados Unidos,United States,estadounidense,American
Estonia,Estonia,estonio/a,Estonian
Esuatini,Eswatini,suazi,Swazi
Etiopía,Ethiopia,etíope,Ethiopian
Filipinas,Philippines,filipino/a,Filipino
Finlandia,Finland,finlandés/finlandesa,Finnish
Fiyi,Fiji,fiyiano/a,Fijian
Francia,France,francés/francesa,French
Gabón,Gabon,gabonés/gabonesa,Gabonese
Gambia,Gambia,gambiano/a,Gambian
Georgia,Georgia,georgiano/a,Georgian
Ghana,Ghana,ghanés/ghanaesa,Ghanaian
Granada,Grenada,granadino/a,Grenadian
Grecia,Greece,griego/a,Greek
Guatemala,Guatemala,guatemalteco/a,Guatemalan
Guyana,Guyana,guyanés/guyanesa,Guyanese
Guinea,Guinea,guineano/a,Guinean
Guinea-Bisáu,Guinea-Bissau,bisauguineano/a,Bissau-Guinean
Guinea Ecuatorial,Equatorial Guinea,ecuatoguineano/a,Equatorial Guinean
Haití,Haiti,haitiano/a,Haitian
Honduras,Honduras,hondureño/a,Honduran
Hungría,Hungary,húngaro/a,Hungarian
India,India,indio/a,Indian
Indonesia,Indonesia,indonesio/a,Indonesian
Irak,Iraq,iraquí,Iraqi
Irán,Iran,iraní,Iranian
Irlanda,Ireland,irlandés/irlandesa,Irish
Islandia,Iceland,islandés/islandesa,Icelander
Islas Marshall,Marshall Islands,marshallés/marshalesa,Marshallese
Islas Salomón,Solomon Islands,salomonense,Solomon Islander
Israel,Israel,israelí,Israeli
Italia,Italy,italiano/a,Italian
Jamaica,Jamaica,jamaicano/a,Jamaican
Japón,Japan,japonés/japonesa,Japanese
Jordania,Jordan,jordano/a,Jordanian
Kazajistán,Kazakhstan,kazajo/a,Kazakhstani
Kenia,Kenya,keniano/a,Kenyan
Kirguistán,Kyrgyzstan,kirguís,Kyrgyzstani
Kiribati,Kiribati,kiribatiano/a,I-Kiribati
Kuwait,Kuwait,kuwaití,Kuwaiti
Laos,Laos,laosiano/a,Lao
Lesoto,Lesotho,lesotense,Basotho
Letonia,Latvia,letón/letona,Latvian
Líbano,Lebanon,libanés/libanesa,Lebanese
Liberia,Liberia,liberiano/a,Liberian
Libia,Libya,libio/a,Libyan
Liechtenstein,Liechtenstein,liechtensteiniano/a,Liechtensteiner
Lituania,Lithuania,lituano/a,Lithuanian
Luxemburgo,Luxembourg,luxemburgués/luxemburguesa,Luxembourger
Madagascar,Madagascar,malgache,Malagasy
Malasia,Malaysia,malasio/a,Malaysian
Malaui,Malawi,malauí,Malawian
Maldivas,Maldives,maldivo/a,Maldivian
Malí,Mali,maliense,Malian
Malta,Malta,maltés/maltesa,Maltese
Marruecos,Morocco,marroquí,Moroccan
Mauricio,Mauritius,mauriciano/a,Mauritian
Mauritania,Mauritania,mauritano/a,Mauritanian
México,Mexico,mexicano/a,Mexican
Micronesia,Micronesia,micronesio/a,Micronesian
Moldavia,Moldova,moldavo/a,Moldovan
Mónaco,Monaco,monegasco/a,Monegasque
Mongolia,Mongolia,mongol/mongola,Mongolian
Montenegro,Montenegro,montenegrino/a,Montenegrin
Mozambique,Mozambique,mozambiqueño/a,Mozambican
Namibia,Namibia,namibio/a,Namibian
Nauru,Nauru,nauruano/a,Nauruan
Nepal,Nepal,nepalí,Nepalese
Nicaragua,Nicaragua,nicaragüense,Nicaraguan
Níger,Niger,nigerino/a,Nigerien
Nigeria,Nigeria,nigeriano/a,Nigerian
Noruega,Norway,noruego/a,Norwegian
Nueva Zelanda,New Zealand,neozelandés/neozelandesa,New Zealander
Omán,Oman,omaní,Omani
Países Bajos,Netherlands,neerlandés/neerlandesa,Dutch
Pakistán,Pakistan,paquistaní,Pakistani
Palaos,Palau,palauano/a,Palauan
Panamá,Panama,panameño/a,Panamanian
Papúa Nueva Guinea,Papua New Guinea,papú,Papua New Guinean
Paraguay,Paraguay,paraguayo/a,Paraguayan
Perú,Peru,peruano/a,Peruvian
Polonia,Poland,polaco/a,Polish
Portugal,Portugal,portugués/portuguesa,Portuguese
Reino Unido,United Kingdom,británico/a,British
República Centroafricana,Central African Republic,centroafricano/a,Central African
República Checa,Czech Republic,checo/a,Czech
República del Congo,Republic of the Congo,congoleño/a,Congolese
República Democrática del Congo,Democratic Republic of the Congo,congoleño/a,Congolese
República Dominicana,Dominican Republic,dominicano/a,Dominican
Ruanda,Rwanda,ruandés/ruandesa,Rwandan
Rumania,Romania,rumano/a,Romanian
Rusia,Russia,ruso/a,Russian
Samoa,Samoa,samoano/a,Samoan
San Cristóbal y Nieves,Saint Kitts and Nevis,sancristobaleño/a,Kittitian or Nevisian
San Marino,San Marino,sanmarinense,Sammarinese
San Vicente y las Granadinas,Saint Vincent and the Grenadines,vicentino/a,Saint Vincentian
Santa Lucía,Saint Lucia,santalucense,Saint Lucian
Santo Tomé y Príncipe,São Tomé and Príncipe,santomense,São Toméan
Senegal,Senegal,senegalés/senegalesa,Senegalese
Serbia,Serbia,serbio/a,Serbian
Seychelles,Seychelles,seychelense,Seychellois
Sierra Leona,Sierra Leone,sierraleonés/sierraleonesa,Sierra Leonean
Singapur,Singapore,singapurense,Singaporean
Siria,Syria,sirio/a,Syrian
Somalia,Somalia,somalí,Somali
Sri Lanka,Sri Lanka,ceilanés/ceilanesa,Sri Lankan
Sudáfrica,South Africa,sudafricano/a,South African
Sudán,Sudan,sudanés/sudanesa,Sudanese
Sudán del Sur,South Sudan,sursudanés/sursudanesa,South Sudanese
Suecia,Sweden,sueco/a,Swedish
Suiza,Switzerland,suizo/a,Swiss
Surinam,Suriname,surinamés/surinamesa,Surinamese
Tailandia,Thailand,tailandés/tailandesa,Thai
Tanzania,Tanzania,tanzano/a,Tanzanian
Tayikistán,Tajikistan,tayiko/a,Tajikistani
Timor Oriental,Timor-Leste,timorense,Timorese
Togo,Togo,togolés/togolesa,Togolese
Tonga,Tonga,tongano/a,Tongan
Trinidad y Tobago,Trinidad and Tobago,trinitense,Trinidadian or Tobagonian
Túnez,Tunisia,tunecino/a,Tunisian
Turkmenistán,Turkmenistan,turcomano/a,Turkmen
Turquía,Turkey,turco/a,Turkish
Tuvalu,Tuvalu,tuvaluano/a,Tuvaluan
Ucrania,Ukraine,ucraniano/a,Ukrainian
Uganda,Uganda,ugandés/ugandesa,Ugandan
Uruguay,Uruguay,uruguayo/a,Uruguayan
Uzbekistán,Uzbekistan,uzbeko/a,Uzbekistani
Vanuatu,Vanuatu,vanuatuense,Ni-Vanuatu
Vaticano,Vatican City,vaticano/a,Vatican
Venezuela,Venezuela,venezolano/a,Venezuelan
Vietnam,Vietnam,vietnamita,Vietnamese
Yemen,Yemen,yemení,Yemeni
Yibuti,Djibouti,yibutiano/a,Djiboutian
Zambia,Zambia,zambiano/a,Zambian
Zimbabue,Zimbabwe,zimbabuense,Zimbabwean